{
  "__type__": "cc.SpriteFrame",
  "content": {
    "name": "5",
    "atlas": "",
    "rect": {
      "x": 1,
      "y": 13,
      "width": 178,
      "height": 120
    },
    "offset": {
      "x": -1,
      "y": -5.5
    },
    "originalSize": {
      "width": 182,
      "height": 135
    },
    "rotated": false,
    "capInsets": [
      0,
      0,
      0,
      0
    ],
    "vertices": {
      "rawPosition": [
        -89,
        -60,
        0,
        89,
        -60,
        0,
        -89,
        60,
        0,
        89,
        60,
        0
      ],
      "indexes": [
        0,
        1,
        2,
        2,
        1,
        3
      ],
      "uv": [
        1,
        122,
        179,
        122,
        1,
        2,
        179,
        2
      ],
      "nuv": [
        0.005494505494505495,
        0.014814814814814815,
        0.9835164835164835,
        0.014814814814814815,
        0.005494505494505495,
        0.9037037037037037,
        0.9835164835164835,
        0.9037037037037037
      ],
      "minPos": {
        "x": -89,
        "y": -60,
        "z": 0
      },
      "maxPos": {
        "x": 89,
        "y": 60,
        "z": 0
      }
    },
    "texture": "d076cc67-30b2-498a-b5ad-fba4be7abe29@6c48a",
    "packable": true,
    "pixelsToUnit": 100,
    "pivot": {
      "x": 0.5,
      "y": 0.5
    },
    "meshType": 0
  }
}