{
  "__type__": "cc.SpriteFrame",
  "content": {
    "name": "2",
    "atlas": "",
    "rect": {
      "x": 35,
      "y": 16,
      "width": 141,
      "height": 119
    },
    "offset": {
      "x": 14.5,
      "y": -8
    },
    "originalSize": {
      "width": 182,
      "height": 135
    },
    "rotated": false,
    "capInsets": [
      0,
      0,
      0,
      0
    ],
    "vertices": {
      "rawPosition": [
        -70.5,
        -59.5,
        0,
        70.5,
        -59.5,
        0,
        -70.5,
        59.5,
        0,
        70.5,
        59.5,
        0
      ],
      "indexes": [
        0,
        1,
        2,
        2,
        1,
        3
      ],
      "uv": [
        35,
        119,
        176,
        119,
        35,
        0,
        176,
        0
      ],
      "nuv": [
        0.19230769230769232,
        0,
        0.967032967032967,
        0,
        0.19230769230769232,
        0.8814814814814815,
        0.967032967032967,
        0.8814814814814815
      ],
      "minPos": {
        "x": -70.5,
        "y": -59.5,
        "z": 0
      },
      "maxPos": {
        "x": 70.5,
        "y": 59.5,
        "z": 0
      }
    },
    "texture": "04158df7-134a-4b06-b0f8-912f0c8728b3@6c48a",
    "packable": true,
    "pixelsToUnit": 100,
    "pivot": {
      "x": 0.5,
      "y": 0.5
    },
    "meshType": 0
  }
}