{
  "__type__": "cc.SpriteFrame",
  "content": {
    "name": "player",
    "atlas": "",
    "rect": {
      "x": 95,
      "y": 38,
      "width": 416,
      "height": 453
    },
    "offset": {
      "x": 3,
      "y": -14.5
    },
    "originalSize": {
      "width": 600,
      "height": 500
    },
    "rotated": false,
    "capInsets": [
      0,
      0,
      0,
      0
    ],
    "vertices": {
      "rawPosition": [
        -208,
        -226.5,
        0,
        208,
        -226.5,
        0,
        -208,
        226.5,
        0,
        208,
        226.5,
        0
      ],
      "indexes": [
        0,
        1,
        2,
        2,
        1,
        3
      ],
      "uv": [
        95,
        462,
        511,
        462,
        95,
        9,
        511,
        9
      ],
      "nuv": [
        0.15833333333333333,
        0.018,
        0.8516666666666667,
        0.018,
        0.15833333333333333,
        0.924,
        0.8516666666666667,
        0.924
      ],
      "minPos": {
        "x": -208,
        "y": -226.5,
        "z": 0
      },
      "maxPos": {
        "x": 208,
        "y": 226.5,
        "z": 0
      }
    },
    "texture": "76a01175-2b47-45ab-b497-e63dacfb6c2a@6c48a",
    "packable": true,
    "pixelsToUnit": 100,
    "pivot": {
      "x": 0.5,
      "y": 0.5
    },
    "meshType": 0
  }
}