{
  "__type__": "cc.SpriteFrame",
  "content": {
    "name": "3",
    "atlas": "",
    "rect": {
      "x": 34,
      "y": 9,
      "width": 135,
      "height": 124
    },
    "offset": {
      "x": 10.5,
      "y": -3.5
    },
    "originalSize": {
      "width": 182,
      "height": 135
    },
    "rotated": false,
    "capInsets": [
      0,
      0,
      0,
      0
    ],
    "vertices": {
      "rawPosition": [
        -67.5,
        -62,
        0,
        67.5,
        -62,
        0,
        -67.5,
        62,
        0,
        67.5,
        62,
        0
      ],
      "indexes": [
        0,
        1,
        2,
        2,
        1,
        3
      ],
      "uv": [
        34,
        126,
        169,
        126,
        34,
        2,
        169,
        2
      ],
      "nuv": [
        0.18681318681318682,
        0.014814814814814815,
        0.9285714285714286,
        0.014814814814814815,
        0.18681318681318682,
        0.9333333333333333,
        0.9285714285714286,
        0.9333333333333333
      ],
      "minPos": {
        "x": -67.5,
        "y": -62,
        "z": 0
      },
      "maxPos": {
        "x": 67.5,
        "y": 62,
        "z": 0
      }
    },
    "texture": "5d9505de-5338-4859-9d0e-0fd2721b3b84@6c48a",
    "packable": true,
    "pixelsToUnit": 100,
    "pivot": {
      "x": 0.5,
      "y": 0.5
    },
    "meshType": 0
  }
}