{
  "__type__": "cc.SpriteFrame",
  "content": {
    "name": "1",
    "atlas": "",
    "rect": {
      "x": 29,
      "y": 11,
      "width": 147,
      "height": 122
    },
    "offset": {
      "x": 11.5,
      "y": -4.5
    },
    "originalSize": {
      "width": 182,
      "height": 135
    },
    "rotated": false,
    "capInsets": [
      0,
      0,
      0,
      0
    ],
    "vertices": {
      "rawPosition": [
        -73.5,
        -61,
        0,
        73.5,
        -61,
        0,
        -73.5,
        61,
        0,
        73.5,
        61,
        0
      ],
      "indexes": [
        0,
        1,
        2,
        2,
        1,
        3
      ],
      "uv": [
        29,
        124,
        176,
        124,
        29,
        2,
        176,
        2
      ],
      "nuv": [
        0.15934065934065933,
        0.014814814814814815,
        0.967032967032967,
        0.014814814814814815,
        0.15934065934065933,
        0.9185185185185185,
        0.967032967032967,
        0.9185185185185185
      ],
      "minPos": {
        "x": -73.5,
        "y": -61,
        "z": 0
      },
      "maxPos": {
        "x": 73.5,
        "y": 61,
        "z": 0
      }
    },
    "texture": "cb3c26b2-f0e2-4be0-8170-bf299d6c896a@6c48a",
    "packable": true,
    "pixelsToUnit": 100,
    "pivot": {
      "x": 0.5,
      "y": 0.5
    },
    "meshType": 0
  }
}