{
  "__type__": "cc.SpriteFrame",
  "content": {
    "name": "4",
    "atlas": "",
    "rect": {
      "x": 0,
      "y": 9,
      "width": 174,
      "height": 122
    },
    "offset": {
      "x": -4,
      "y": -2.5
    },
    "originalSize": {
      "width": 182,
      "height": 135
    },
    "rotated": false,
    "capInsets": [
      0,
      0,
      0,
      0
    ],
    "vertices": {
      "rawPosition": [
        -87,
        -61,
        0,
        87,
        -61,
        0,
        -87,
        61,
        0,
        87,
        61,
        0
      ],
      "indexes": [
        0,
        1,
        2,
        2,
        1,
        3
      ],
      "uv": [
        0,
        126,
        174,
        126,
        0,
        4,
        174,
        4
      ],
      "nuv": [
        0,
        0.02962962962962963,
        0.9560439560439561,
        0.02962962962962963,
        0,
        0.9333333333333333,
        0.9560439560439561,
        0.9333333333333333
      ],
      "minPos": {
        "x": -87,
        "y": -61,
        "z": 0
      },
      "maxPos": {
        "x": 87,
        "y": 61,
        "z": 0
      }
    },
    "texture": "05dd93d0-8da2-44c5-9710-28f23d77bd7d@6c48a",
    "packable": true,
    "pixelsToUnit": 100,
    "pivot": {
      "x": 0.5,
      "y": 0.5
    },
    "meshType": 0
  }
}