{
  "__type__": "cc.SpriteFrame",
  "content": {
    "name": "6",
    "atlas": "",
    "rect": {
      "x": 25,
      "y": 9,
      "width": 149,
      "height": 126
    },
    "offset": {
      "x": 8.5,
      "y": -4.5
    },
    "originalSize": {
      "width": 182,
      "height": 135
    },
    "rotated": false,
    "capInsets": [
      0,
      0,
      0,
      0
    ],
    "vertices": {
      "rawPosition": [
        -74.5,
        -63,
        0,
        74.5,
        -63,
        0,
        -74.5,
        63,
        0,
        74.5,
        63,
        0
      ],
      "indexes": [
        0,
        1,
        2,
        2,
        1,
        3
      ],
      "uv": [
        25,
        126,
        174,
        126,
        25,
        0,
        174,
        0
      ],
      "nuv": [
        0.13736263736263737,
        0,
        0.9560439560439561,
        0,
        0.13736263736263737,
        0.9333333333333333,
        0.9560439560439561,
        0.9333333333333333
      ],
      "minPos": {
        "x": -74.5,
        "y": -63,
        "z": 0
      },
      "maxPos": {
        "x": 74.5,
        "y": 63,
        "z": 0
      }
    },
    "texture": "7a9dce99-6bad-4e17-a5a8-82b8a75aa582@6c48a",
    "packable": true,
    "pixelsToUnit": 100,
    "pivot": {
      "x": 0.5,
      "y": 0.5
    },
    "meshType": 0
  }
}